,label
GCA_003737005.1_PDT000397393.1,0
GCA_003744485.1_PDT000397419.1,0
GCA_003758865.1_PDT000400092.1,0
GCA_003761305.1_PDT000400383.1,1
GCA_003767445.1_PDT000400730.1,1
GCA_003768745.1_PDT000402937.1,1
GCA_003788025.1_PDT000402941.1,0
GCA_003919755.1_PDT000392180.1,0
GCA_004235985.1_PDT000381974.1,0
GCA_004236485.1_PDT000391316.1,0
GCA_004240825.1_PDT000388679.1,0
GCA_004245265.1_PDT000393001.1,0
GCA_004246265.1_PDT000413021.1,0
GCA_004249425.1_PDT000405378.1,0
GCA_005402725.1_PDT000487950.1,0
GCA_005414395.1_PDT000385405.1,0
GCA_005416075.1_PDT000388550.1,1
GCA_005416575.1_PDT000390384.1,1
GCA_005420575.1_PDT000409745.1,0
GCA_005424955.1_PDT000440454.1,0
GCA_005444015.1_PDT000381904.1,0
GCA_005446205.1_PDT000385207.1,0
GCA_005449225.1_PDT000386892.1,0
GCA_005453925.1_PDT000391680.1,0
GCA_005461895.1_PDT000407250.1,0
GCA_005463315.1_PDT000409338.1,0
GCA_005469775.1_PDT000415560.1,1
GCA_005475935.1_PDT000429427.1,0
GCA_005482435.1_PDT000447591.1,0
GCA_005483535.1_PDT000451275.1,1
GCA_005487045.1_PDT000459697.1,0
GCA_005494405.1_PDT000478280.1,0
GCA_005499345.1_PDT000480816.1,0
GCA_005500885.1_PDT000480280.1,0
GCA_005500905.1_PDT000480400.1,1
GCA_005506475.1_PDT000487346.1,0
GCA_005506615.1_PDT000487717.1,0
GCA_005507275.1_PDT000487454.1,0
GCA_005530695.1_PDT000480377.1,0
GCA_005530795.1_PDT000480814.1,1
GCA_005539675.1_PDT000380658.1,0
GCA_005542235.1_PDT000382786.1,0
GCA_005543595.1_PDT000385974.1,0
GCA_005550055.1_PDT000392205.1,0
GCA_005570655.1_PDT000429253.1,0
GCA_005583255.1_PDT000465557.1,0
GCA_005583975.1_PDT000467026.1,0
GCA_005588255.1_PDT000478696.1,1
GCA_005592435.1_PDT000482138.1,0
GCA_005597095.1_PDT000488215.1,0
GCA_005614875.1_PDT000382136.1,0
GCA_005616095.1_PDT000385323.1,0
GCA_005618115.1_PDT000386633.1,0
GCA_005620615.1_PDT000390327.1,0
GCA_005629315.1_PDT000407319.1,0
GCA_005641095.1_PDT000414759.1,0
GCA_005641595.1_PDT000415541.1,0
GCA_005643855.1_PDT000416581.1,0
GCA_005682915.1_PDT000380817.1,0
GCA_005688275.1_PDT000385527.1,0
GCA_005693595.1_PDT000391120.1,0
GCA_005694015.1_PDT000391202.1,0
GCA_005706715.1_PDT000412424.1,0
GCA_005708075.1_PDT000412951.1,0
GCA_005712935.1_PDT000465881.1,0
GCA_005718355.1_PDT000416724.1,0
GCA_005721955.1_PDT000434082.1,0
GCA_005733095.1_PDT000459455.1,0
GCA_005736335.1_PDT000478516.1,0
GCA_005740755.1_PDT000480583.1,0
GCA_005746275.1_PDT000479396.1,0
GCA_005755055.1_PDT000499769.1,0
GCA_005765315.1_PDT000382621.1,1
GCA_005765555.1_PDT000382127.1,0
GCA_005775045.1_PDT000390469.1,0
GCA_005779725.1_PDT000392678.1,0
GCA_005780525.1_PDT000391372.1,0
GCA_005806245.1_PDT000409358.1,0
GCA_005809525.1_PDT000412611.1,0
GCA_005809645.1_PDT000412355.1,0
GCA_005813085.1_PDT000415472.1,0
GCA_005826325.1_PDT000442925.1,0
GCA_005829565.1_PDT000454057.1,1
GCA_005835785.1_PDT000468003.1,0
GCA_005855665.1_PDT000494221.1,0
GCA_005857525.1_PDT000496422.1,0
GCA_005857905.1_PDT000496437.1,0
GCA_005893945.1_PDT000508928.1,0
GCA_005905305.1_PDT000499789.1,1
GCA_005907825.1_PDT000500827.1,0
GCA_005910165.1_PDT000501122.1,1
GCA_005913905.1_PDT000502827.1,0
GCA_005914505.1_PDT000503079.1,0
GCA_005915125.1_PDT000504812.1,0
GCA_005916365.1_PDT000503501.1,1
GCA_005992285.1_PDT000197970.2,0
GCA_006033835.1_PDT000150444.2,0
GCA_006036355.1_PDT000203442.2,0
GCA_006042175.1_PDT000179227.2,1
GCA_006049035.1_PDT000206003.2,0
GCA_006061955.1_PDT000220721.2,0
GCA_006063415.1_PDT000221368.2,1
GCA_006064955.1_PDT000223297.2,1
GCA_006069015.1_PDT000225805.2,0
GCA_006069595.1_PDT000226482.2,0
GCA_006100755.1_PDT000150435.2,0
GCA_006113085.1_PDT000212594.2,0
GCA_006121215.1_PDT000225083.2,1
GCA_006123915.1_PDT000227211.2,0
GCA_006124355.1_PDT000227197.2,0
GCA_006124515.1_PDT000227189.2,1
GCA_006124535.1_PDT000227188.2,0
GCA_006125055.1_PDT000227172.2,0
GCA_006125075.1_PDT000227213.2,0
GCA_006125155.1_PDT000227214.2,0
GCA_006127135.1_PDT000230424.2,0
GCA_006128475.1_PDT000230708.2,0
GCA_006128945.1_PDT000231268.2,0
GCA_006129035.1_PDT000231377.2,0
GCA_006129135.1_PDT000231388.2,1
GCA_006129415.1_PDT000231773.2,1
GCA_006132935.1_PDT000232672.2,1
GCA_006133375.1_PDT000232726.2,0
GCA_006133735.1_PDT000232859.2,1
GCA_006134555.1_PDT000233560.2,1
GCA_006135175.1_PDT000233584.2,0
GCA_006136195.1_PDT000234101.2,0
GCA_006136235.1_PDT000234113.2,1
GCA_006136455.1_PDT000234127.2,0
GCA_006137575.1_PDT000234690.2,0
GCA_006139925.1_PDT000235456.2,1
GCA_006140235.1_PDT000235807.2,0
GCA_006150625.1_PDT000260007.2,0
GCA_006152625.1_PDT000238239.2,0
GCA_006153565.1_PDT000244256.2,0
GCA_006159015.1_PDT000236185.2,1
GCA_006161905.1_PDT000240517.2,0
GCA_006173845.1_PDT000260075.2,0
GCA_006178705.1_PDT000266708.2,0
GCA_006181515.1_PDT000271646.2,0
GCA_006185045.1_PDT000275458.2,1
GCA_006188105.1_PDT000278909.2,0
GCA_006188665.1_PDT000279037.2,0
GCA_006189645.1_PDT000279375.2,0
GCA_006190925.1_PDT000280899.2,0
GCA_006193465.1_PDT000283291.2,0
GCA_006197665.1_PDT000288340.2,0
GCA_006199605.1_PDT000290182.2,0
GCA_006204925.1_PDT000297161.2,0
GCA_006205145.1_PDT000297200.2,0
GCA_006205205.1_PDT000297218.2,0
GCA_006205245.1_PDT000297212.2,0
GCA_006206865.1_PDT000300957.2,0
GCA_006207985.1_PDT000303227.2,0
GCA_006221095.1_PDT000494774.1,0
GCA_006244725.1_PDT000244658.2,0
GCA_006248615.1_PDT000253339.2,1
GCA_006249955.1_PDT000264997.2,0
GCA_006255575.1_PDT000273558.2,1
GCA_006257275.1_PDT000279292.2,0
GCA_006257335.1_PDT000279293.2,0
GCA_006257555.1_PDT000283284.2,1
GCA_006257755.1_PDT000279436.2,0
GCA_006257785.1_PDT000283299.2,1
GCA_006258735.1_PDT000280513.2,0
GCA_006258815.1_PDT000280524.2,0
GCA_006261615.1_PDT000275433.2,0
GCA_006263515.1_PDT000279287.2,0
GCA_006263575.1_PDT000280516.2,0
GCA_006263615.1_PDT000280634.2,0
GCA_006264435.1_PDT000281693.2,0
GCA_006269115.1_PDT000296451.2,1
GCA_006269485.1_PDT000296515.2,0
GCA_006272275.1_PDT000300503.2,0
GCA_006278725.1_PDT000306933.2,0
GCA_006282175.1_PDT000309163.2,0
GCA_006309185.1_PDT000275165.2,1
GCA_006309445.1_PDT000275484.2,1
GCA_006310585.1_PDT000279020.2,1
GCA_006310685.1_PDT000279005.2,0
GCA_006310785.1_PDT000279457.2,0
GCA_006311125.1_PDT000280526.2,1
GCA_006311945.1_PDT000280937.2,0
GCA_006311965.1_PDT000280892.2,0
GCA_006313605.1_PDT000283298.2,1
GCA_006313745.1_PDT000283797.2,0
GCA_006313785.1_PDT000288514.2,0
GCA_006314225.1_PDT000285247.2,0
GCA_006315105.1_PDT000288485.2,0
GCA_006317585.1_PDT000297256.2,0
GCA_006317625.1_PDT000296491.2,0
GCA_006318325.1_PDT000297158.2,0
GCA_006332435.1_PDT000315277.2,1
GCA_006423175.1_PDT000521231.1,1
GCA_006460505.1_PDT000523214.1,0
GCA_006462505.1_PDT000523338.1,0
GCA_006465075.1_PDT000523829.1,0
GCA_006467405.1_PDT000523953.1,1
GCA_006470065.1_PDT000524513.1,0
GCA_006474075.1_PDT000525324.1,0
GCA_006474785.1_PDT000525332.1,0
GCA_006484205.1_PDT000526050.1,1
GCA_006499175.1_PDT000221139.2,0
GCA_006499355.1_PDT000236165.2,1
GCA_006500935.1_PDT000245947.2,0
GCA_006501395.1_PDT000247252.2,0
GCA_006502515.1_PDT000247424.2,1
GCA_006513395.1_PDT000271074.2,0
GCA_006515775.1_PDT000280953.2,0
GCA_006516075.1_PDT000521413.1,0
GCA_006555045.1_PDT000283280.2,0
GCA_006555165.1_PDT000308457.2,0
GCA_006555335.1_PDT000283294.2,0
GCA_006557305.1_PDT000324268.1,0
GCA_006561145.1_PDT000353996.1,0
GCA_006565405.1_PDT000367119.1,1
GCA_006571845.1_PDT000233586.2,0
GCA_006571925.1_PDT000233587.2,0
GCA_006572905.1_PDT000260385.2,0
GCA_006573925.1_PDT000283289.2,0
GCA_006573945.1_PDT000283290.2,1
GCA_006575705.1_PDT000316353.1,1
GCA_006578825.1_PDT000321496.1,0
GCA_006585515.1_PDT000330190.1,0
GCA_006586745.1_PDT000331859.1,0
GCA_006590045.1_PDT000336032.1,0
GCA_006592445.1_PDT000338341.1,0
GCA_006593725.1_PDT000340870.1,1
GCA_006595665.1_PDT000341670.1,1
GCA_006599385.1_PDT000351505.1,0
GCA_006607195.1_PDT000357346.1,0
GCA_006609215.1_PDT000359032.1,1
GCA_006610045.1_PDT000360512.1,1
GCA_006610535.1_PDT000360608.1,0
GCA_006614285.1_PDT000363092.1,0
GCA_006618065.1_PDT000366634.1,0
GCA_006619245.1_PDT000366903.1,0
GCA_006627285.1_PDT000375370.1,0
GCA_006629145.1_PDT000375216.1,0
GCA_006636565.1_PDT000231386.2,0
GCA_006637405.1_PDT000236175.2,0
GCA_006637605.1_PDT000283302.2,0
GCA_006640095.1_PDT000317480.1,0
GCA_006640745.1_PDT000318383.1,1
GCA_006649905.1_PDT000334578.1,0
GCA_006653385.1_PDT000338357.1,0
GCA_006654605.1_PDT000341581.1,0
GCA_006654905.1_PDT000341675.1,0
GCA_006660045.1_PDT000351372.1,0
GCA_006664165.1_PDT000354008.1,0
GCA_006664185.1_PDT000353992.1,1
GCA_006666745.1_PDT000357398.1,0
GCA_006676665.1_PDT000370972.1,1
GCA_006680465.1_PDT000375287.1,0
GCA_006681185.1_PDT000376825.1,0
GCA_006697705.1_PDT000232677.2,0
GCA_006698125.1_PDT000233564.2,1
GCA_006698195.1_PDT000233606.2,0
GCA_006698745.1_PDT000247244.2,0
GCA_006699845.1_PDT000283260.2,0
GCA_006701445.1_PDT000318441.1,0
GCA_006706125.1_PDT000322279.1,1
GCA_006708265.1_PDT000328541.1,0
GCA_006710985.1_PDT000330187.1,0
GCA_006722665.1_PDT000353990.1,1
GCA_006724145.1_PDT000355426.1,0
GCA_006725025.1_PDT000355983.1,0
GCA_006733045.1_PDT000364354.1,0
GCA_006736445.1_PDT000368279.1,0
GCA_006737145.1_PDT000368200.1,0
GCA_006737565.1_PDT000368120.1,0
GCA_006744005.1_PDT000375359.1,0
GCA_006759105.1_PDT000221118.2,0
GCA_006760385.1_PDT000240159.2,0
GCA_006761685.1_PDT000232757.2,0
GCA_006762665.1_PDT000282795.2,1
GCA_006762785.1_PDT000248119.2,0
GCA_006771745.1_PDT000341046.1,0
GCA_006773875.1_PDT000347211.1,1
GCA_006775925.1_PDT000337842.1,1
GCA_006776185.1_PDT000338883.1,0
GCA_006777385.1_PDT000353274.1,0
GCA_006780805.1_PDT000356568.1,1
GCA_006782185.1_PDT000360236.1,0
GCA_006785505.1_PDT000363683.1,0
GCA_006792735.1_PDT000333774.1,0
GCA_006797185.1_PDT000341703.1,1
GCA_006805605.1_PDT000375127.1,0
GCA_006814605.1_PDT000233585.2,0
GCA_006816125.1_PDT000283271.2,0
GCA_006828685.1_PDT000356467.1,0
GCA_006830765.1_PDT000360718.1,0
GCA_006833485.1_PDT000370813.1,0
GCA_006943125.1_PDT000179295.2,1
GCA_006954965.1_PDT000179298.2,0
GCA_006959785.1_PDT000201561.2,0
GCA_006963825.1_PDT000206758.2,0
GCA_006968265.1_PDT000211423.2,0
GCA_007019725.1_PDT000214816.2,0
GCA_007025965.1_PDT000222489.2,0
GCA_007034875.1_PDT000227049.2,0
GCA_007035255.1_PDT000227186.2,0
GCA_007037465.1_PDT000230299.2,0
GCA_007038545.1_PDT000230423.2,0
GCA_007041185.1_PDT000231406.2,0
GCA_007042725.1_PDT000232683.2,1
GCA_007043085.1_PDT000232737.2,0
GCA_007043365.1_PDT000232464.2,0
GCA_007044325.1_PDT000233588.2,0
GCA_007044985.1_PDT000233598.2,0
GCA_007045025.1_PDT000233602.2,1
GCA_007045885.1_PDT000234096.2,1
GCA_007046125.1_PDT000234129.2,0
GCA_007046165.1_PDT000234124.2,0
GCA_007046365.1_PDT000234140.2,0
GCA_007052525.1_PDT000236157.2,0
GCA_007052905.1_PDT000236168.2,0
GCA_007054285.1_PDT000237428.2,0
GCA_007058605.1_PDT000239964.2,0
GCA_007067245.1_PDT000244364.2,1
GCA_007073065.1_PDT000247242.2,0
GCA_007073785.1_PDT000247251.2,0
GCA_007078025.1_PDT000249455.2,0
GCA_007078245.1_PDT000250431.2,0
GCA_007081325.1_PDT000253235.2,0
GCA_007087725.1_PDT000259977.2,0
GCA_007106065.1_PDT000273589.2,0
GCA_007112745.1_PDT000277635.2,0
GCA_007202195.1_PDT000297011.3,0
GCA_007475965.1_PDT000278892.2,1
GCA_007476465.1_PDT000279289.2,0
GCA_007476625.1_PDT000279531.2,0
GCA_007479625.1_PDT000280931.2,0
GCA_007480175.1_PDT000282833.2,0
GCA_007480205.1_PDT000282774.2,1
GCA_007480445.1_PDT000283293.2,0
GCA_007480505.1_PDT000283282.2,1
GCA_007486285.1_PDT000296504.2,0
GCA_007487285.1_PDT000296711.2,0
GCA_007500485.1_PDT000280951.2,1
GCA_007539975.1_PDT000534696.1,0
GCA_007550955.1_PDT000279431.2,0
GCA_007551595.1_PDT000278692.2,1
GCA_007552055.1_PDT000279393.2,0
GCA_007552275.1_PDT000279295.2,0
GCA_007552355.1_PDT000279321.2,0
GCA_007552595.1_PDT000279525.2,0
GCA_007553835.1_PDT000281664.2,0
GCA_007554735.1_PDT000283248.2,0
GCA_007555415.1_PDT000283296.2,1
GCA_007555455.1_PDT000283256.2,1
GCA_007556035.1_PDT000283295.2,1
GCA_007560345.1_PDT000289751.2,0
GCA_007565185.1_PDT000297188.2,0
GCA_007573085.1_PDT000311383.2,0
GCA_007575385.1_PDT000309001.2,1
GCA_007618575.1_PDT000539191.1,0
GCA_007626715.1_PDT000545126.1,0
GCA_007629495.1_PDT000279007.2,0
GCA_007629835.1_PDT000278918.2,0
GCA_007630075.1_PDT000279291.2,0
GCA_007631295.1_PDT000282763.2,0
GCA_007631315.1_PDT000282736.2,0
GCA_007631655.1_PDT000286361.2,0
GCA_007632185.1_PDT000283292.2,1
GCA_007637375.1_PDT000297173.2,0
GCA_007704435.1_PDT000546221.1,0
GCA_007728785.1_PDT000547900.1,0
GCA_007802475.1_PDT000539214.1,1
GCA_007802935.1_PDT000539144.1,1
GCA_007806525.1_PDT000540510.1,0
GCA_007848075.1_PDT000549445.1,0
GCA_007852445.1_PDT000549859.1,0
GCA_007855665.1_PDT000550007.1,0
GCA_007881365.1_PDT000551713.1,0
GCA_007881705.1_PDT000551737.1,0
GCA_007887465.1_PDT000553449.1,0
GCA_007887705.1_PDT000553507.1,0
GCA_007888725.1_PDT000553528.1,0
GCA_007890385.1_PDT000554043.1,0
GCA_007967765.1_PDT000556535.1,0
GCA_008128725.1_PDT000572775.1,0
GCA_008146825.1_PDT000571237.1,0
GCA_008147805.1_PDT000571288.1,1
GCA_008158225.1_PDT000568933.1,0
GCA_008164605.1_PDT000569402.1,0
GCA_008169465.1_PDT000569953.1,0
GCA_008181845.1_PDT000573119.1,0
GCA_008193065.1_PDT000574377.1,0
GCA_008212345.1_PDT000559223.1,0
GCA_008257065.1_PDT000575942.1,0
GCA_008259525.1_PDT000576139.1,0
GCA_008303585.1_PDT000579414.1,0
GCA_008312675.1_PDT000579975.1,0
GCA_008322805.1_PDT000579091.1,0
GCA_008349345.1_PDT000580707.1,0
GCA_008352145.1_PDT000580958.1,1
GCA_008393675.1_PDT000584460.1,0
GCA_008427385.1_PDT000139298.2,0
GCA_008432045.1_PDT000221206.2,0
GCA_008432185.1_PDT000201040.2,0
GCA_008432945.1_PDT000214940.2,0
GCA_008433385.1_PDT000219647.2,0
GCA_008433425.1_PDT000219650.2,0
GCA_008433445.1_PDT000219795.2,0
GCA_008433465.1_PDT000219847.2,1
GCA_008433585.1_PDT000220070.2,1
GCA_008433925.1_PDT000220838.2,1
GCA_008433965.1_PDT000220852.2,0
GCA_008434205.1_PDT000221504.2,0
GCA_008434285.1_PDT000221509.2,0
GCA_008434825.1_PDT000195160.2,0
GCA_008434885.1_PDT000219480.2,0
GCA_008434985.1_PDT000221152.2,0
GCA_008436265.1_PDT000224410.2,0
GCA_008436425.1_PDT000227394.2,0
GCA_008436445.1_PDT000227414.2,0
GCA_008436785.1_PDT000227224.2,0
GCA_008438585.1_PDT000263819.2,0
GCA_008439025.1_PDT000282737.2,0
GCA_008440305.1_PDT000296783.2,0
GCA_008483365.1_PDT000172342.2,0
GCA_008485865.1_PDT000210808.2,0
GCA_008486085.1_PDT000219834.2,0
GCA_008486345.1_PDT000226021.2,0
GCA_008486385.1_PDT000221147.2,0
GCA_008486705.1_PDT000220856.2,0
GCA_008487545.1_PDT000227207.2,0
GCA_008487585.1_PDT000231359.2,0
GCA_008487665.1_PDT000231323.2,0
GCA_008487905.1_PDT000227410.2,0
GCA_008488745.1_PDT000232847.2,0
GCA_008488825.1_PDT000235556.2,0
GCA_008528055.1_PDT000200251.2,0
GCA_008528935.1_PDT000226025.2,0
GCA_008530015.1_PDT000231365.2,0
GCA_008530275.1_PDT000231338.2,0
GCA_008530475.1_PDT000231336.2,0
GCA_008530915.1_PDT000233762.2,0
GCA_008533875.1_PDT000296724.2,0
GCA_008553195.1_PDT000227227.2,0
GCA_008556135.1_PDT000220069.2,0
GCA_008585525.1_PDT000582699.1,0
GCA_008596035.1_PDT000587704.1,0
GCA_008600085.1_PDT000588170.1,0
GCA_008602465.1_PDT000588186.1,0
GCA_008621375.1_PDT000588558.1,0
GCA_008678935.1_PDT000591263.1,1
GCA_008705375.1_PDT000591282.1,0
GCA_008747215.1_PDT000593688.1,0
GCA_008803595.1_PDT000597427.1,0
GCA_008804715.1_PDT000597568.1,0
GCA_008813715.1_PDT000598057.1,0
GCA_008815715.1_PDT000598163.1,0
GCA_008838625.1_PDT000599621.1,0
GCA_008869175.1_PDT000113133.2,0
GCA_008890615.1_PDT000599848.1,0
GCA_008901145.1_PDT000128386.2,0
GCA_008911765.1_PDT000136782.2,0
GCA_008938995.1_PDT000143187.2,0
GCA_008970235.1_PDT000603643.1,0
GCA_008977445.1_PDT000150456.2,0
GCA_008983845.1_PDT000152168.2,1
GCA_009043485.1_PDT000187001.2,1
GCA_009059045.1_PDT000163552.2,0
GCA_009059785.1_PDT000167913.2,0
GCA_009072085.1_PDT000607774.1,0
GCA_009087645.1_PDT000607841.1,0
GCA_009092445.1_PDT000174477.2,0
GCA_009099885.1_PDT000176925.2,0
GCA_009111945.1_PDT000179323.2,1
GCA_009119465.1_PDT000177727.2,0
GCA_009153255.1_PDT000184667.2,0
GCA_009164985.1_PDT000195316.2,0
GCA_009165225.1_PDT000195360.2,0
GCA_009178985.1_PDT000198293.2,1
GCA_009191965.1_PDT000199456.2,0
GCA_009210845.1_PDT000205932.2,0
GCA_009217855.1_PDT000207102.2,1
GCA_009219285.1_PDT000209586.2,0
GCA_009221025.1_PDT000211438.2,1
GCA_009221045.1_PDT000212289.2,0
GCA_009252645.1_PDT000212406.2,1
GCA_009253165.1_PDT000212641.2,1
GCA_009280165.1_PDT000195275.2,0
GCA_009280255.1_PDT000195197.2,1
GCA_009280445.1_PDT000195358.2,0
GCA_009302475.1_PDT000215564.2,0
GCA_009302775.1_PDT000215590.2,0
GCA_009302895.1_PDT000215656.2,0
GCA_009313555.1_PDT000144447.3,0
GCA_009314155.1_PDT000094115.3,0
GCA_009325635.1_PDT000219555.2,1
GCA_009326175.1_PDT000219625.2,0
GCA_009326315.1_PDT000219634.2,0
GCA_009326415.1_PDT000219653.2,0
GCA_009326475.1_PDT000219654.2,0
GCA_009326995.1_PDT000219835.2,0
GCA_009327415.1_PDT000220052.2,0
GCA_009327455.1_PDT000220051.2,0
GCA_009327555.1_PDT000220075.2,0
GCA_009327855.1_PDT000220093.2,0
GCA_009328155.1_PDT000220189.2,0
GCA_009329475.1_PDT000220828.2,0
GCA_009329495.1_PDT000220842.2,0
GCA_009329835.1_PDT000220853.2,0
GCA_009330095.1_PDT000220936.2,0
GCA_009331275.1_PDT000221508.2,1
GCA_009331595.1_PDT000221512.2,0
GCA_009331935.1_PDT000221158.2,0
GCA_009332015.1_PDT000221150.2,0
GCA_009332135.1_PDT000221179.2,1
GCA_009332295.1_PDT000221177.2,1
GCA_009333915.1_PDT000221505.2,0
GCA_009334075.1_PDT000221564.2,0
GCA_009335455.1_PDT000221798.2,0
GCA_009364755.1_PDT000224296.2,1
GCA_009365875.1_PDT000224398.2,0
GCA_009366075.1_PDT000224418.2,0
GCA_009366195.1_PDT000224423.2,0
GCA_009369535.1_PDT000225608.2,0
GCA_009369755.1_PDT000225635.2,0
GCA_009370235.1_PDT000226010.2,0
GCA_009371115.1_PDT000226433.2,0
GCA_009371225.1_PDT000226484.2,0
GCA_009373315.1_PDT000226039.2,0
GCA_009381975.1_PDT000617872.1,0
GCA_009398425.1_PDT000227390.2,0
GCA_009398785.1_PDT000227601.2,0
GCA_009398985.1_PDT000227413.2,0
GCA_009409985.1_PDT000619271.1,0
GCA_009433495.1_PDT000231362.2,0
GCA_009433715.1_PDT000231337.2,0
GCA_009433755.1_PDT000231352.2,0
GCA_009433775.1_PDT000231349.2,0
GCA_009433815.1_PDT000231335.2,0
GCA_009433945.1_PDT000231356.2,0
GCA_009433975.1_PDT000231357.2,0
GCA_009434265.1_PDT000231345.2,0
GCA_009439555.1_PDT000232818.2,0
GCA_009440095.1_PDT000232820.2,0
GCA_009465025.1_PDT000232831.2,0
GCA_009465565.1_PDT000233528.2,0
GCA_009470915.1_PDT000234848.2,0
GCA_009492965.1_PDT000237935.2,0
GCA_009502435.1_PDT000239703.2,0
GCA_009508035.1_PDT000244419.2,0
GCA_009526555.1_PDT000265013.2,0
GCA_009553195.1_PDT000244539.2,0
GCA_009572985.1_PDT000263790.2,0
GCA_009573465.1_PDT000265048.2,0
GCA_009581125.1_PDT000269893.2,0
GCA_009581345.1_PDT000269960.2,1
GCA_009594245.1_PDT000274268.2,0
GCA_010011965.1_PDT000651365.1,0
GCA_010013605.1_PDT000663804.1,0
GCA_010013645.1_PDT000663834.1,1
GCA_010014205.1_PDT000671091.1,0
GCA_010014325.1_PDT000669493.1,0
GCA_010126405.1_PDT000263799.2,0
GCA_010127465.1_PDT000264045.2,0
GCA_010131955.1_PDT000271185.2,0
GCA_010134835.1_PDT000275499.2,0
GCA_010134855.1_PDT000275496.2,1
GCA_010134915.1_PDT000275500.2,0
GCA_010134955.1_PDT000275520.2,1
GCA_010164525.1_PDT000278927.2,0
GCA_010164675.1_PDT000278888.2,0
GCA_010173715.1_PDT000279021.2,0
GCA_010174105.1_PDT000278990.2,1
GCA_010174135.1_PDT000278991.2,0
GCA_010174175.1_PDT000278992.2,0
GCA_010175195.1_PDT000279330.2,0
GCA_010175535.1_PDT000279424.2,0
GCA_010175735.1_PDT000279453.2,0
GCA_010175935.1_PDT000280509.2,0
GCA_010176625.1_PDT000280514.2,1
GCA_010176735.1_PDT000281696.2,0
GCA_010176835.1_PDT000280949.2,0
GCA_010176895.1_PDT000280956.2,1
GCA_010176915.1_PDT000282661.2,0
GCA_010177775.1_PDT000280874.2,0
GCA_010178155.1_PDT000281677.2,0
GCA_010178175.1_PDT000281685.2,1
GCA_010387905.1_PDT000658720.1,0
GCA_010388725.1_PDT000662015.1,0
GCA_010388975.1_PDT000660836.1,1
GCA_010402575.1_PDT000641852.1,0
GCA_010404675.1_PDT000650780.1,0
GCA_010419945.1_PDT000650778.1,0
GCA_010435655.1_PDT000640146.1,0
GCA_010436495.1_PDT000641800.1,0
GCA_010436995.1_PDT000641802.1,0
GCA_010443415.1_PDT000641490.1,0
GCA_010446075.1_PDT000651273.1,0
GCA_010449415.1_PDT000650966.1,0
GCA_010449585.1_PDT000649839.1,1
GCA_010449795.1_PDT000650954.1,1
GCA_010450035.1_PDT000651366.1,0
GCA_010450535.1_PDT000650795.1,1
GCA_010450675.1_PDT000658576.1,0
GCA_010458735.1_PDT000641856.1,0
GCA_010462165.1_PDT000657028.1,1
GCA_010465125.1_PDT000651325.1,0
GCA_010465625.1_PDT000660864.1,0
GCA_010466005.1_PDT000655959.1,0
GCA_010466105.1_PDT000660795.1,1
GCA_010468065.1_PDT000658569.1,0
GCA_010468685.1_PDT000651381.1,0
GCA_010477245.1_PDT000639765.1,1
GCA_010478305.1_PDT000650913.1,0
GCA_010479875.1_PDT000640139.1,0
GCA_010480315.1_PDT000650546.1,1
GCA_010480705.1_PDT000650793.1,0
GCA_010483235.1_PDT000650806.1,0
GCA_010483455.1_PDT000651279.1,0
GCA_010484235.1_PDT000655962.1,0
GCA_010484615.1_PDT000660515.1,0
GCA_010487195.1_PDT000641482.1,0
GCA_010488355.1_PDT000658704.1,0
GCA_010490055.1_PDT000652731.1,1
GCA_010490075.1_PDT000658712.1,0
GCA_010490455.1_PDT000651275.1,0
GCA_010496735.1_PDT000307350.2,0
GCA_010517335.1_PDT000641479.1,0
GCA_010519235.1_PDT000640137.1,1
GCA_010523675.1_PDT000641477.1,1
GCA_010524535.1_PDT000650958.1,0
GCA_010525875.1_PDT000660793.1,0
GCA_010531775.1_PDT000651327.1,1
GCA_010534495.1_PDT000655953.1,0
GCA_010535215.1_PDT000658578.1,0
GCA_010570485.1_PDT000640152.1,0
GCA_010571865.1_PDT000641484.1,0
GCA_010612165.1_PDT000660783.1,1
GCA_010616245.1_PDT000660876.1,1
GCA_010632345.1_PDT000661884.1,0
GCA_010706575.1_PDT000655958.1,0
GCA_010706755.1_PDT000655963.1,1
GCA_010707515.1_PDT000658932.1,0
GCA_010708305.1_PDT000660079.1,0
GCA_010708655.1_PDT000660807.1,0
GCA_010709335.1_PDT000660782.1,0
GCA_010710315.1_PDT000657120.1,0
GCA_010721735.1_PDT000659190.1,1
GCA_010729975.1_PDT000658568.1,1
GCA_010730535.1_PDT000658577.1,0
GCA_010730635.1_PDT000658711.1,0
GCA_010730765.1_PDT000658713.1,0
GCA_010741675.1_PDT000655961.1,0
GCA_010746715.1_PDT000652694.1,0
GCA_010770735.1_PDT000221162.2,0
GCA_010791415.1_PDT000650798.1,0
GCA_010791495.1_PDT000650815.1,1
GCA_010791635.1_PDT000650940.1,0
GCA_010791675.1_PDT000651276.1,1
GCA_010798535.1_PDT000640147.1,0
GCA_010799885.1_PDT000658690.1,0
GCA_010800795.1_PDT000651274.1,0
GCA_010804725.1_PDT000658574.1,0
GCA_010805105.1_PDT000658709.1,0
GCA_010807725.1_PDT000651304.1,0
GCA_010808165.1_PDT000650964.1,0
GCA_010808225.1_PDT000650811.1,0
GCA_010809785.1_PDT000660778.1,1
GCA_010809905.1_PDT000660788.1,0
GCA_010811215.1_PDT000639766.1,0
GCA_010811275.1_PDT000660699.1,0
GCA_010812345.1_PDT000660704.1,0
GCA_010816245.1_PDT000660861.1,0
GCA_010816785.1_PDT000660821.1,0
GCA_010816885.1_PDT000660871.1,0
GCA_010819565.1_PDT000643289.1,0
GCA_010821565.1_PDT000641481.1,0
GCA_010822025.1_PDT000641476.1,0
GCA_010823805.1_PDT000641478.1,0
GCA_010826905.1_PDT000640151.1,0
GCA_010829405.1_PDT000641861.1,0
GCA_010830425.1_PDT000640155.1,0
GCA_010832345.1_PDT000663838.1,0
GCA_010832585.1_PDT000663641.1,1
GCA_010832785.1_PDT000663685.1,0
GCA_010834625.1_PDT000640142.1,0
GCA_010835425.1_PDT000640157.1,0
GCA_010835805.1_PDT000640145.1,1
GCA_010837625.1_PDT000649584.1,0
GCA_010837825.1_PDT000643082.1,0
GCA_010840265.1_PDT000641487.1,0
GCA_010841385.1_PDT000663444.1,0
GCA_010841795.1_PDT000663807.1,1
GCA_010841865.1_PDT000663431.1,1
GCA_010843125.1_PDT000642371.1,1
GCA_010847565.1_PDT000663434.1,0
GCA_010852105.1_PDT000639768.1,1
GCA_010854765.1_PDT000651278.1,1
GCA_010855105.1_PDT000650959.1,0
GCA_010855385.1_PDT000651298.1,0
GCA_010859105.1_PDT000650802.1,0
GCA_010859305.1_PDT000650914.1,0
GCA_010859645.1_PDT000650807.1,0
GCA_010861525.1_PDT000650916.1,0
GCA_010864085.1_PDT000641483.1,0
GCA_010882875.1_PDT000286945.2,0
GCA_010899415.1_PDT000624167.1,0
GCA_010911855.1_PDT000644333.1,1
GCA_010941755.1_PDT000624287.1,0
GCA_010949135.1_PDT000624753.1,0
GCA_010970455.1_PDT000641489.1,0
GCA_011115675.1_PDT000198121.2,0
GCA_011129415.1_PDT000282517.2,0
GCA_011131775.1_PDT000286987.2,0
GCA_011137615.1_PDT000285217.2,1
GCA_011139215.1_PDT000296906.2,0
GCA_011139275.1_PDT000296916.2,0
GCA_011158715.1_PDT000312002.2,0
GCA_011162175.1_PDT000303380.2,1
GCA_011186455.1_PDT000634391.1,0
GCA_011189835.1_PDT000564834.1,1
GCA_011193115.1_PDT000650937.1,0
GCA_011199155.1_PDT000669572.1,0
GCA_011199375.1_PDT000669767.1,0
GCA_011199875.1_PDT000657121.1,0
GCA_011200175.1_PDT000651321.1,0
GCA_011201335.1_PDT000669557.1,0
GCA_011201475.1_PDT000669451.1,0
GCA_011201815.1_PDT000669322.1,0
GCA_011202115.1_PDT000669337.1,0
GCA_011202215.1_PDT000669396.1,1
GCA_011202835.1_PDT000671086.1,0
GCA_011203135.1_PDT000671081.1,1
GCA_011203215.1_PDT000669762.1,0
GCA_011204975.1_PDT000671331.1,0
GCA_011205015.1_PDT000671404.1,0
GCA_011205035.1_PDT000671421.1,1
GCA_011206595.1_PDT000671504.1,0
GCA_011209365.1_PDT000672878.1,0
GCA_011210615.1_PDT000664120.1,1
GCA_011211525.1_PDT000664248.1,0
GCA_011212425.1_PDT000664483.1,1
GCA_011215505.1_PDT000669365.1,0
GCA_011215705.1_PDT000669349.1,0
GCA_011218925.1_PDT000671085.1,0
GCA_011218945.1_PDT000669142.1,1
GCA_011219095.1_PDT000669355.1,0
GCA_011219385.1_PDT000669761.1,0
GCA_011219425.1_PDT000671524.1,0
GCA_011219865.1_PDT000669545.1,0
GCA_011219965.1_PDT000669569.1,1
GCA_011220325.1_PDT000671414.1,0
GCA_011227245.1_PDT000677070.1,0
GCA_011230075.1_PDT000673636.1,0
GCA_011233075.1_PDT000673643.1,0
GCA_011233135.1_PDT000673638.1,0
GCA_011233215.1_PDT000673386.1,0
GCA_011233995.1_PDT000677600.1,0
GCA_011235835.1_PDT000672864.1,1
GCA_011237675.1_PDT000672744.1,0
GCA_011245435.1_PDT000671751.1,0
GCA_011247095.1_PDT000679504.1,0
GCA_011257555.1_PDT000636669.1,0
GCA_011266195.1_PDT000671457.1,0
GCA_011266345.1_PDT000671517.1,0
GCA_011266945.1_PDT000664485.1,1
GCA_011267225.1_PDT000664279.1,1
GCA_011268645.1_PDT000669362.1,0
GCA_011268655.1_PDT000669765.1,1
GCA_011269505.1_PDT000669544.1,0
GCA_011269515.1_PDT000669562.1,0
GCA_011269605.1_PDT000669773.1,0
GCA_011269765.1_PDT000669345.1,0
GCA_011270415.1_PDT000669789.1,1
GCA_011270645.1_PDT000669786.1,0
GCA_011273205.1_PDT000669556.1,1
GCA_011273525.1_PDT000671468.1,0
GCA_011273565.1_PDT000671507.1,0
GCA_011275605.1_PDT000673641.1,0
GCA_011275965.1_PDT000673639.1,0
GCA_011276305.1_PDT000673635.1,0
GCA_011276705.1_PDT000682914.1,1
GCA_011276745.1_PDT000672870.1,0
GCA_011282585.1_PDT000673650.1,0
GCA_011309055.1_PDT000669356.1,0
GCA_011309795.1_PDT000669548.1,0
GCA_011310215.1_PDT000669476.1,0
GCA_011310635.1_PDT000669567.1,0
GCA_011310675.1_PDT000669552.1,0
GCA_011310755.1_PDT000669561.1,0
GCA_011311595.1_PDT000669566.1,0
GCA_011320915.1_PDT000638842.1,0
GCA_011336385.1_PDT000671842.1,0
GCA_011341065.1_PDT000673385.2,0
GCA_011341305.1_PDT000672755.1,1
GCA_011341505.1_PDT000673381.2,0
GCA_011341525.1_PDT000673382.2,0
GCA_011341565.1_PDT000673378.2,0
GCA_011341605.1_PDT000673384.1,1
GCA_011341645.1_PDT000673388.1,0
GCA_011341825.1_PDT000673637.1,0
GCA_011344685.1_PDT000679434.1,0
GCA_011353125.1_PDT000672822.1,1
GCA_011354705.1_PDT000672879.1,0
GCA_011357145.1_PDT000671082.1,1
GCA_011361685.1_PDT000671464.1,0
GCA_011363445.1_PDT000660844.1,0
GCA_011368765.1_PDT000664123.1,1
GCA_011400555.1_PDT000221170.2,0
GCA_011402175.1_PDT000648874.1,0
GCA_011404415.1_PDT000650915.1,0
GCA_011405435.1_PDT000651301.1,0
GCA_011405695.1_PDT000653082.1,0
GCA_011426765.1_PDT000644491.1,0
GCA_011427045.1_PDT000641486.1,0
GCA_011428245.1_PDT000641488.1,1
GCA_011429475.1_PDT000646777.1,0
GCA_011430355.1_PDT000640156.1,0
GCA_011430375.1_PDT000650808.1,0
GCA_011432055.1_PDT000658716.1,0
GCA_011433695.1_PDT000639771.1,0
GCA_011436355.1_PDT000644410.1,0
GCA_011439275.1_PDT000650917.1,0
GCA_011440755.1_PDT000649173.1,0
GCA_011443075.1_PDT000658718.1,0
GCA_011475135.1_PDT000636580.1,0
GCA_011489225.1_PDT000682138.1,0
GCA_011493985.1_PDT000682584.1,0
GCA_011498585.1_PDT000706325.1,0
GCA_011510545.1_PDT000708074.1,1
GCA_011518885.1_PDT000282120.2,0
GCA_011532845.1_PDT000627107.1,0
GCA_011571345.1_PDT000630123.1,0
GCA_011574245.1_PDT000288181.2,0
GCA_011583205.1_PDT000632208.1,0
GCA_011623685.1_PDT000624713.1,1
GCA_011658475.1_PDT000690437.1,0
GCA_011663535.1_PDT000293047.2,0
GCA_011685095.1_PDT000691421.1,0
GCA_011693255.1_PDT000690508.1,0
GCA_011703755.1_PDT000691079.1,0
GCA_011705235.1_PDT000708807.1,0
GCA_011711335.1_PDT000708925.1,0
GCA_011717575.1_PDT000710678.1,0
GCA_011731815.1_PDT000710856.1,0
GCA_011749305.1_PDT000709562.1,0
GCA_011990225.1_PDT000718038.1,1
GCA_012005365.1_PDT000717118.1,0
GCA_012152625.1_PDT000720346.1,1
GCA_012167625.1_PDT000720648.1,1
GCA_013478865.1_PDT000794130.1,0
GCA_013508615.1_PDT000784177.1,0
GCA_013509255.1_PDT000784143.1,0
GCA_013509375.1_PDT000784139.1,0
GCA_013510495.1_PDT000784090.1,0
GCA_013513475.1_PDT000786753.1,1
GCA_013516795.1_PDT000785737.1,0
GCA_013525775.1_PDT000787183.1,0
GCA_013547375.1_PDT000789936.1,0
GCA_013547455.1_PDT000789913.1,0
GCA_013548075.1_PDT000789857.1,0
GCA_013586475.1_PDT000789364.1,0
GCA_013612475.1_PDT000795523.1,0
GCA_013617685.1_PDT000774179.1,0
GCA_013657115.1_PDT000771564.1,0
GCA_013664755.1_PDT000770784.1,1
GCA_013681075.1_PDT000768563.1,0
GCA_013707555.1_PDT000767055.1,0
GCA_013733785.1_PDT000762770.1,0
GCA_013754775.1_PDT000797072.1,0
GCA_013773905.1_PDT000753899.1,0
GCA_013789865.1_PDT000797548.1,0
GCA_013804345.1_PDT000748046.1,0
GCA_013915985.1_PDT000798820.1,0
GCA_014067415.1_PDT000802000.1,0
GCA_014091955.1_PDT000803542.1,0
GCA_014131855.1_PDT000806087.1,0
GCA_014131875.1_PDT000806085.1,0
GCA_014137165.1_PDT000806452.1,0
GCA_014180045.1_PDT000807723.1,0
GCA_014184025.1_PDT000809317.1,0
GCA_014250275.1_PDT000814531.1,0
GCA_014255955.1_PDT000816263.1,0
GCA_014276645.1_PDT000817590.1,0
GCA_014277105.1_PDT000817580.1,0
GCA_014296285.1_PDT000820481.1,0
GCA_014339855.1_PDT000826855.1,1
GCA_014358725.1_PDT000822975.1,0
GCA_014454235.1_PDT000828398.1,1
GCA_014455775.1_PDT000828334.1,0
GCA_014455995.1_PDT000828309.1,0
GCA_014457495.1_PDT000828160.1,0
GCA_014483175.1_PDT000829112.1,0
GCA_014487835.1_PDT000829879.1,0
GCA_014501325.1_PDT000831760.1,0
GCA_014502225.1_PDT000831705.1,0
GCA_014513145.1_PDT000829962.1,0
GCA_014519585.1_PDT000833709.1,0
GCA_014519705.1_PDT000833578.1,0
GCA_014548265.1_PDT000834785.1,0
GCA_014563915.1_PDT000730413.1,0
GCA_014588775.1_PDT000724355.1,0
GCA_014603975.1_PDT000836732.1,0
GCA_014605335.1_PDT000836582.1,0
GCA_014678965.1_PDT000841589.1,0
GCA_014679345.1_PDT000841564.1,0
GCA_014705025.1_PDT000842165.1,0
GCA_014706675.1_PDT000843205.1,0
GCA_014782435.1_PDT000849586.1,0
GCA_014886435.1_PDT000851116.1,1
GCA_014912465.1_PDT000860018.1,0
GCA_014924335.1_PDT000864766.1,0
GCA_014934845.1_PDT000861946.1,0
GCA_014936985.1_PDT000863822.1,0
GCA_014938525.1_PDT000862743.1,0
GCA_014989085.1_PDT000864123.1,1
GCA_014996745.1_PDT000863970.1,0
GCA_015023635.1_PDT000868849.1,1
GCA_015025415.1_PDT000869213.1,0
GCA_015026995.1_PDT000869278.1,0
GCA_015027615.1_PDT000869990.1,0
GCA_015076605.1_PDT000870664.1,0
GCA_015093955.1_PDT000856018.1,0
GCA_015114455.1_PDT000855472.1,0
GCA_015115755.1_PDT000855402.1,0
GCA_015120465.1_PDT000871647.1,0
GCA_015120745.1_PDT000871729.1,0
GCA_015124815.1_PDT000871732.1,0
GCA_015179945.1_PDT000873528.1,0
GCA_015184685.1_PDT000853452.1,0
GCA_015187725.1_PDT000853295.1,0
GCA_015194395.1_PDT000851979.1,0
GCA_015201825.1_PDT000851349.1,0
GCA_015205435.1_PDT000851200.1,0
GCA_015311475.1_PDT000883761.1,0
GCA_015371965.1_PDT000888259.1,0
GCA_015378645.1_PDT000888077.1,0
GCA_015443565.1_PDT000888759.1,1
GCA_015443905.1_PDT000888728.1,0
GCA_015562125.1_PDT000892413.1,0
GCA_015642845.1_PDT000894007.1,0
GCA_015687935.1_PDT000897265.1,0
GCA_015696425.1_PDT000899698.1,1
GCA_015696585.1_PDT000899689.1,0
GCA_015840475.1_PDT000905359.1,0
GCA_015846845.1_PDT000905153.1,0
GCA_015907225.1_PDT000908194.1,0
GCA_015913195.1_PDT000899006.1,0
GCA_015919205.1_PDT000898162.1,1
GCA_015955625.1_PDT000894592.1,0
GCA_015955965.1_PDT000894624.1,0
GCA_016120335.1_PDT000881778.1,0
GCA_016144095.1_PDT000917696.1,0
GCA_016153455.1_PDT000862906.1,0
GCA_016155035.1_PDT000859894.1,0
GCA_016161535.1_PDT000809302.1,0
GCA_016167915.1_PDT000771211.1,0
GCA_016168265.1_PDT000767852.1,0
GCA_016172625.1_PDT000736019.1,0
GCA_016173325.1_PDT000729736.1,0
GCA_016189335.1_PDT000707993.1,0
GCA_016217305.1_PDT000646835.1,0
GCA_016222685.1_PDT000650709.1,0
GCA_016224145.1_PDT000631007.1,0
GCA_016232645.1_PDT000641736.1,0
GCA_016253315.1_PDT000569547.1,0
GCA_016255185.1_PDT000562680.1,0
GCA_016262505.1_PDT000509323.1,0
GCA_016262905.1_PDT000521384.1,0
GCA_016263445.1_PDT000520156.1,0
GCA_016263965.1_PDT000517757.1,0
GCA_016268645.1_PDT000488085.1,0
GCA_016269025.1_PDT000487259.1,0
GCA_016276525.1_PDT000429102.1,0
GCA_016276765.1_PDT000423046.1,0
GCA_016277505.1_PDT000420831.1,0
GCA_016289835.1_PDT000405018.1,0
GCA_016300485.1_PDT000391315.1,0
GCA_016301615.1_PDT000382734.1,0
GCA_016301685.1_PDT000382072.1,1
GCA_016303925.1_PDT000380746.1,0
GCA_016304245.1_PDT000372461.1,0
GCA_016306845.1_PDT000379353.1,0
GCA_016315145.1_PDT000366527.1,0
GCA_016317325.1_PDT000357041.1,0
GCA_016319565.1_PDT000264088.2,0
GCA_016320165.1_PDT000233814.2,0
GCA_016333995.1_PDT000922437.1,0
GCA_016336475.1_PDT000147866.2,0
GCA_016344225.1_PDT000234322.2,0
GCA_016354265.1_PDT000306614.2,0
GCA_016357085.1_PDT000284801.2,0
GCA_016357825.1_PDT000283285.2,1
GCA_016359265.1_PDT000266849.2,0
GCA_016359605.1_PDT000265527.3,0
GCA_016362325.1_PDT000232758.2,0
GCA_016363785.1_PDT000225709.2,1
GCA_016364005.1_PDT000224464.2,0
GCA_016364205.1_PDT000225067.2,0
GCA_016365005.1_PDT000245748.2,1
GCA_016365525.1_PDT000221338.2,0
GCA_016365585.1_PDT000220886.2,0
GCA_016372065.1_PDT000314025.2,0
GCA_016373585.1_PDT000152225.2,0
GCA_016374625.1_PDT000356536.1,0
GCA_016380885.1_PDT000340906.1,0
GCA_016381945.1_PDT000333769.1,1
GCA_016383425.1_PDT000329236.1,0
GCA_016442805.1_PDT000925299.1,0
GCA_016450925.1_PDT000926058.1,0
GCA_016576985.1_PDT000234686.2,0
GCA_016606725.1_PDT000930157.1,0
GCA_016607715.1_PDT000930104.1,0
GCA_016638365.1_PDT000932213.1,0
GCA_016992935.1_PDT000967098.1,0
GCA_016995235.1_PDT000966695.1,0
GCA_017007275.1_PDT000966042.1,0
GCA_017184815.1_PDT000943745.1,0
GCA_017190775.1_PDT000943325.1,0
GCA_017199455.1_PDT000942871.1,1
GCA_017201935.1_PDT000942416.1,0
GCA_017219895.1_PDT000941046.1,0
GCA_017226195.1_PDT000940748.1,0
GCA_017235995.1_PDT000939825.1,1
GCA_017250775.1_PDT000938938.1,0
GCA_017589955.1_PDT000990811.1,0
GCA_017611305.1_PDT000992972.1,0
GCA_017663015.1_PDT000993022.1,0
GCA_017818995.1_PDT001000991.1,0
GCA_017819755.1_PDT001001000.1,0
GCA_018111445.1_PDT001009504.1,0
GCA_018200695.1_PDT001015743.1,0
GCA_018275665.1_PDT001018337.1,0
GCA_018301865.1_PDT001021538.1,0
GCA_018483205.1_PDT001024754.1,0
GCA_018534885.1_PDT001048311.1,0
GCA_018536665.1_PDT001048224.1,0
GCA_018536705.1_PDT001048222.1,0
GCA_018573905.1_PDT001048815.1,0
GCA_018685365.1_PDT001057695.1,0
GCA_018748785.1_PDT001059103.1,0
GCA_018751015.1_PDT001058987.1,0
GCA_018771505.1_PDT001063188.1,0
GCA_018870065.1_PDT001067608.1,0
GCA_018875515.1_PDT001067106.1,0
GCA_018905015.1_PDT001070498.1,0
GCA_018963735.1_PDT001032079.1,0
GCA_019070325.1_PDT001079225.1,0
GCA_019087325.1_PDT001080017.1,0
GCA_019153125.1_PDT001083415.1,1
GCA_019158495.1_PDT001083129.1,0
GCA_019250575.1_PDT001090164.1,0
GCA_019251585.1_PDT001090165.1,0
GCA_019294305.1_PDT001093270.1,0
GCA_019319645.1_PDT001094271.1,0
GCA_019357135.1_PDT001096435.1,0
GCA_019379275.1_PDT001097173.1,0
GCA_019385255.1_PDT001096802.1,0
GCA_019396525.1_PDT001097905.1,1
GCA_019404705.1_PDT001098890.1,0
GCA_019404865.1_PDT001098895.1,0
GCA_019448405.1_PDT001096601.2,0
GCA_019473305.1_PDT001104315.1,0
GCA_019481005.1_PDT001103823.1,0
GCA_019484665.1_PDT001103628.1,0
GCA_019499125.1_PDT001105975.1,1
GCA_019536495.1_PDT001106732.1,0
GCA_019556595.1_PDT001102027.1,1
GCA_019558835.1_PDT001101872.1,0
GCA_019570655.1_PDT001107763.1,1
GCA_019683155.1_PDT001110986.1,0
GCA_019697555.1_PDT001112955.1,1
GCA_019699445.1_PDT001113081.1,0
GCA_019702105.1_PDT001113219.1,0
GCA_019721695.1_PDT001114746.1,0
GCA_019723565.1_PDT001114828.1,0
GCA_019723585.1_PDT001114830.1,0
GCA_019724135.1_PDT001114890.1,0
GCA_019726055.1_PDT001115226.1,0
GCA_019728015.1_PDT001115131.1,0
GCA_019738195.1_PDT001115389.1,1
GCA_019740835.1_PDT001115973.1,0
GCA_019777085.1_PDT001117115.1,0
GCA_019806165.1_PDT001119297.1,0
GCA_019815325.1_PDT001119537.1,0
GCA_019851985.1_PDT001121346.1,0
GCA_019870005.1_PDT001122353.1,0
GCA_019888465.1_PDT001123030.1,0
GCA_019918725.1_PDT001125962.1,1
GCA_020021615.1_PDT001131429.1,0
GCA_020151455.1_PDT001137688.1,0
GCA_020208245.1_PDT001141543.1,0
GCA_020213305.1_PDT001141799.1,0
GCA_020234855.1_PDT001142200.1,0
GCA_020237705.1_PDT001142097.1,0
GCA_020238025.1_PDT001142070.1,0
GCA_020239945.1_PDT001142036.1,0
GCA_020262445.1_PDT001144527.1,0
GCA_020277745.1_PDT001143267.1,0
GCA_020415705.1_PDT001147600.1,0
GCA_020460065.1_PDT001149201.1,0
GCA_020468685.1_PDT001148656.1,0
GCA_020505505.1_PDT001151113.1,0
GCA_020506285.1_PDT001151076.1,0
GCA_020615195.1_PDT001161074.1,0
GCA_020646015.1_PDT001162143.1,0
GCA_020653155.1_PDT001162480.1,0
GCA_020661345.1_PDT001163210.1,0
GCA_020673725.1_PDT001163932.1,1
GCA_020716325.1_PDT001166977.1,0
GCA_020896215.1_PDT001178094.1,0
GCA_020973305.1_PDT001183342.1,0
GCA_020978405.1_PDT001184578.1,0
GCA_020979845.1_PDT001184532.1,0
GCA_021003995.1_PDT001187186.1,0
GCA_021053485.1_PDT001195965.1,0
GCA_021064445.1_PDT001195228.1,1
GCA_021074965.1_PDT001197392.1,0
GCA_021400955.1_PDT001218436.1,0
GCA_021465945.1_PDT001222530.1,0
GCA_021520135.1_PDT001225818.1,1
GCA_021661195.1_PDT001230628.1,1
GCA_021759445.1_PDT001235095.1,0
GCA_022356625.1_PDT001252232.1,0
GCA_022368355.1_PDT001252864.1,0
GCA_022384935.1_PDT001253612.1,0
GCA_022420085.1_PDT001255858.1,0
GCA_022589695.1_PDT001264895.1,0
GCA_022606955.1_PDT001269202.1,0
GCA_022629415.1_PDT001268380.1,0
GCA_022640595.1_PDT001270906.1,0
GCA_022641415.1_PDT001270884.1,0
GCA_022661145.1_PDT001267834.1,0
GCA_022677605.1_PDT001273920.1,0
GCA_022687785.1_PDT001274691.1,0
GCA_022904755.1_PDT001279466.1,0
GCA_022905935.1_PDT001279421.1,0
GCA_022934145.1_PDT001277184.1,0
GCA_022980495.1_PDT001286812.1,0
GCA_023158635.1_PDT001294739.1,0
GCA_023270825.1_PDT001279026.1,0
GCA_023299265.1_PDT001300850.1,0
GCA_023342435.1_PDT001305941.1,0
GCA_023358135.1_PDT001307307.1,1
GCA_023421575.1_PDT001309419.1,1
GCA_023484785.1_PDT001310198.1,0
GCA_023495065.1_PDT001310548.1,1
GCA_023636725.1_PDT001321566.1,0
GCA_023637365.1_PDT001321520.1,0
GCA_023676165.1_PDT001323416.1,0
GCA_023730395.1_PDT001327787.1,0
GCA_023746015.1_PDT001329381.1,0
GCA_023786055.1_PDT001325951.1,1
GCA_023786495.1_PDT001325935.1,0
GCA_023967795.1_PDT001348162.1,1
GCA_023996915.1_PDT001339790.1,0
GCA_023997475.1_PDT001339763.1,1
GCA_024063015.1_PDT001349346.2,0
GCA_024103795.1_PDT001350567.1,0
GCA_024131565.1_PDT001351094.1,0
GCA_024132045.1_PDT001352095.1,0
GCA_024174715.1_PDT001353344.1,0
GCA_024269815.1_PDT001359553.1,0
GCA_024325905.1_PDT001363530.1,0
GCA_024445615.1_PDT001368994.1,0
GCA_024541435.1_PDT001372945.1,0
GCA_024738425.1_PDT001352719.1,0
GCA_024955285.1_PDT001391854.1,0
GCA_025322185.1_PDT001425159.1,0
GCA_027267515.1_PDT001545020.1,0
